904 Grand Dr.,Little Falls,NJ,07424,8133827737
5,Little Falls,NJ,07424,8133827737
5,Little Falls,NJ,07424,813-382-7737
5,"",NJ,07424,813-382-7737
34 Del Monte Lane,Woburn,MA,01801,1099953971
Y,Woburn,MA,01801,1099953971
Y,Woburn,MA,01801,109-995-3971
Y,"",MA,01801,109-995-3971
7863 Foxrun Circle,Lawrenceville,GA,30043,7873416607
G,Lawrenceville,GA,30043,7873416607
G,Lawrenceville,GA,30043,787-341-6607
G,"",GA,30043,787-341-6607
448 Cleveland Court,Ozone Park,NY,11417,5252458133
G,Ozone Park,NY,11417,5252458133
G,Ozone Park,NY,11417,525-245-8133
G,"",NY,11417,525-245-8133
823 Birch Hill Dr.,West Bloomfield,MI,48322,4097812298
7,West Bloomfield,MI,48322,4097812298
7,West Bloomfield,MI,48322,409-781-2298
7,"",MI,48322,409-781-2298
7629 Ridgeview St.,South Plainfield,NJ,07080,4311782545
7629 Ridgeview Street,South Plainfield,NJ,07080,4311782545
7629 Ridgeview Street,South Plainfield,NJ,07080,431-178-2545
7629 Ridgeview Street,"",NJ,07080,431-178-2545
216 W. Meadow Lane,Fresh Meadows,NY,11365,4677749526
E,Fresh Meadows,NY,11365,4677749526
E,Fresh Meadows,NY,11365,467-774-9526
E,"",NY,11365,467-774-9526
544 Depot Court,Revere,MA,02151,5329698330
T,Revere,MA,02151,5329698330
T,Revere,MA,02151,532-969-8330
T,"",MA,02151,532-969-8330
231 William St.,Mechanicsville,VA,23111,2218476971
231 William Street,Mechanicsville,VA,23111,2218476971
231 William Street,Mechanicsville,VA,23111,221-847-6971
231 William Street,"",VA,23111,221-847-6971
54 Grand Ave.,Merrimack,NH,03054,6719839224
54 Grand Avenue,Merrimack,NH,03054,6719839224
54 Grand Avenue,Merrimack,NH,03054,671-983-9224
54 Grand Avenue,"",NH,03054,671-983-9224
8103 Smith St.,South Lyon,MI,48178,2394596538
8103 Smith Street,South Lyon,MI,48178,2394596538
8103 Smith Street,South Lyon,MI,48178,239-459-6538
8103 Smith Street,"",MI,48178,239-459-6538
62 Bayberry Lane,Garland,TX,75043,5868061747
T,Garland,TX,75043,5868061747
T,Garland,TX,75043,586-806-1747
T,"",TX,75043,586-806-1747
2 S. Cactus Ave.,Granger,IN,46530,2289044518
2 S. Cactus Avenue,Granger,IN,46530,2289044518
2 S. Cactus Avenue,Granger,IN,46530,228-904-4518
2 S. Cactus Avenue,"",IN,46530,228-904-4518
761 Jefferson St.,Goose Creek,SC,29445,7666235034
761 Jefferson Street,Goose Creek,SC,29445,7666235034
761 Jefferson Street,Goose Creek,SC,29445,766-623-5034
761 Jefferson Street,"",SC,29445,766-623-5034
7736 Mechanic St.,Stafford,VA,22554,8079367485
7736 Mechanic Street,Stafford,VA,22554,8079367485
7736 Mechanic Street,Stafford,VA,22554,807-936-7485
7736 Mechanic Street,"",VA,22554,807-936-7485
931 Amherst St.,North Royalton,OH,44133,1354496288
931 Amherst Street,North Royalton,OH,44133,1354496288
931 Amherst Street,North Royalton,OH,44133,135-449-6288
931 Amherst Street,"",OH,44133,135-449-6288
52 Sulphur Springs Street,Huntington,NY,11743,2522088972
C,Huntington,NY,11743,2522088972
C,Huntington,NY,11743,252-208-8972
C,"",NY,11743,252-208-8972
960 Fairfield St.,Vista,CA,92083,6628892267
960 Fairfield Street,Vista,CA,92083,6628892267
960 Fairfield Street,Vista,CA,92083,662-889-2267
960 Fairfield Street,"",CA,92083,662-889-2267
78 West Gartner Street,Hackensack,NJ,07601,3056909569
R,Hackensack,NJ,07601,3056909569
R,Hackensack,NJ,07601,305-690-9569
R,"",NJ,07601,305-690-9569
21 State Lane,Cockeysville,MD,21030,7976541774
Q,Cockeysville,MD,21030,7976541774
Q,Cockeysville,MD,21030,797-654-1774
Q,"",MD,21030,797-654-1774
485 Manhattan Ave.,Clifton Park,NY,12065,4267212280
485 Manhattan Avenue,Clifton Park,NY,12065,4267212280
485 Manhattan Avenue,Clifton Park,NY,12065,426-721-2280
485 Manhattan Avenue,"",NY,12065,426-721-2280
953 Prince Street,Atwater,CA,95301,3463019254
H,Atwater,CA,95301,3463019254
H,Atwater,CA,95301,346-301-9254
H,"",CA,95301,346-301-9254
836 Illinois Drive,Manahawkin,NJ,08050,5021464342
V,Manahawkin,NJ,08050,5021464342
V,Manahawkin,NJ,08050,502-146-4342
V,"",NJ,08050,502-146-4342
814 Chestnut Dr.,Olney,MD,20832,1388020222
G,Olney,MD,20832,1388020222
G,Olney,MD,20832,138-802-0222
G,"",MD,20832,138-802-0222
9074 County Street,Petersburg,VA,23803,6709302207
2,Petersburg,VA,23803,6709302207
2,Petersburg,VA,23803,670-930-2207
2,"",VA,23803,670-930-2207
96 Talbot Lane,Fairmont,WV,26554,2152869975
T,Fairmont,WV,26554,2152869975
T,Fairmont,WV,26554,215-286-9975
T,"",WV,26554,215-286-9975
34 Kirkland Dr.,Feasterville Trevose,PA,19053,5871576641
P,Feasterville Trevose,PA,19053,5871576641
P,Feasterville Trevose,PA,19053,587-157-6641
P,"",PA,19053,587-157-6641
8268 Garfield Drive,Fleming Island,FL,32003,5061332290
C,Fleming Island,FL,32003,5061332290
C,Fleming Island,FL,32003,506-133-2290
C,"",FL,32003,506-133-2290
141 Iroquois Road,Lansing,MI,48910,7609573185
W,Lansing,MI,48910,7609573185
W,Lansing,MI,48910,760-957-3185
W,"",MI,48910,760-957-3185
924 North Court,Hephzibah,GA,30815,3262231659
P,Hephzibah,GA,30815,3262231659
P,Hephzibah,GA,30815,326-223-1659
P,"",GA,30815,326-223-1659
334 Sunbeam St.,Hopkinsville,KY,42240,5344789883
334 Sunbeam Street,Hopkinsville,KY,42240,5344789883
334 Sunbeam Street,Hopkinsville,KY,42240,534-478-9883
334 Sunbeam Street,"",KY,42240,534-478-9883
9991 Greystone St.,Elkhart,IN,46514,5913953722
9991 Greystone Street,Elkhart,IN,46514,5913953722
9991 Greystone Street,Elkhart,IN,46514,591-395-3722
9991 Greystone Street,"",IN,46514,591-395-3722
26 Willow Ave.,Union City,NJ,07087,8074500013
26 Willow Avenue,Union City,NJ,07087,8074500013
26 Willow Avenue,Union City,NJ,07087,807-450-0013
26 Willow Avenue,"",NJ,07087,807-450-0013
72 Grand Dr.,Harvey,IL,60426,2733395482
E,Harvey,IL,60426,2733395482
E,Harvey,IL,60426,273-339-5482
E,"",IL,60426,273-339-5482
134 E. Wentworth Street,Klamath Falls,OR,97603,5356331955
W,Klamath Falls,OR,97603,5356331955
W,Klamath Falls,OR,97603,535-633-1955
W,"",OR,97603,535-633-1955
8124 Arlington St.,Fort Washington,MD,20744,4476189694
8124 Arlington Street,Fort Washington,MD,20744,4476189694
8124 Arlington Street,Fort Washington,MD,20744,447-618-9694
8124 Arlington Street,"",MD,20744,447-618-9694
8540 Canterbury Court,Perth Amboy,NJ,08861,4515618790
F,Perth Amboy,NJ,08861,4515618790
F,Perth Amboy,NJ,08861,451-561-8790
F,"",NJ,08861,451-561-8790
8 Oakwood Circle,Stockbridge,GA,30281,5322733255
H,Stockbridge,GA,30281,5322733255
H,Stockbridge,GA,30281,532-273-3255
H,"",GA,30281,532-273-3255
982 Valley St.,Brentwood,NY,11717,6591214845
982 Valley Street,Brentwood,NY,11717,6591214845
982 Valley Street,Brentwood,NY,11717,659-121-4845
982 Valley Street,"",NY,11717,659-121-4845
4 Maple Lane,Englishtown,NJ,07726,3377463051
4,Englishtown,NJ,07726,3377463051
4,Englishtown,NJ,07726,337-746-3051
4,"",NJ,07726,337-746-3051
1 Pumpkin Hill Dr.,Reston,VA,20191,6079539247
L,Reston,VA,20191,6079539247
L,Reston,VA,20191,607-953-9247
L,"",VA,20191,607-953-9247
1 Riverview St.,Copperas Cove,TX,76522,4771984969
1 Riverview Street,Copperas Cove,TX,76522,4771984969
1 Riverview Street,Copperas Cove,TX,76522,477-198-4969
1 Riverview Street,"",TX,76522,477-198-4969
53 Greenview Ave.,Norwalk,CT,06851,7228346296
53 Greenview Avenue,Norwalk,CT,06851,7228346296
53 Greenview Avenue,Norwalk,CT,06851,722-834-6296
53 Greenview Avenue,"",CT,06851,722-834-6296
346 Brookside Lane,Cockeysville,MD,21030,9008268160
V,Cockeysville,MD,21030,9008268160
V,Cockeysville,MD,21030,900-826-8160
V,"",MD,21030,900-826-8160
8742 Middle River St.,Powell,TN,37849,8983471339
8742 Middle River Street,Powell,TN,37849,8983471339
8742 Middle River Street,Powell,TN,37849,898-347-1339
8742 Middle River Street,"",TN,37849,898-347-1339
8809 Edgewood Dr.,Belleville,NJ,07109,5897949210
W,Belleville,NJ,07109,5897949210
W,Belleville,NJ,07109,589-794-9210
W,"",NJ,07109,589-794-9210
205 Atlantic Road,Wethersfield,CT,06109,4115589087
7,Wethersfield,CT,06109,4115589087
7,Wethersfield,CT,06109,411-558-9087
7,"",CT,06109,411-558-9087
42 Summer Court,Kenosha,WI,53140,4325946156
S,Kenosha,WI,53140,4325946156
S,Kenosha,WI,53140,432-594-6156
S,"",WI,53140,432-594-6156
7208 East Parker St.,Fair Lawn,NJ,07410,5537263630
7208 East Parker Street,Fair Lawn,NJ,07410,5537263630
7208 East Parker Street,Fair Lawn,NJ,07410,553-726-3630
7208 East Parker Street,"",NJ,07410,553-726-3630
966 Jones St.,Forest Hills,NY,11375,2088826783
966 Jones Street,Forest Hills,NY,11375,2088826783
966 Jones Street,Forest Hills,NY,11375,208-882-6783
966 Jones Street,"",NY,11375,208-882-6783
