Wayne Lopez,904 Grand Dr.,Little Falls,NJ,7424,8133827737
W Lopez,5,Little Falls,NJ,7424,8133827737
Wayne L,5,Little Falls,NJ,7424,813-382-7737
W. Lopez,5,,NJ,7424,813-382-7737
Evelyn Edwards,34 Del Monte Lane,Woburn,MA,1801,1099953971
E Edwards,Y,Woburn,MA,1801,1099953971
Evelyn E,Y,Woburn,MA,1801,109-995-3971
E. Edwards,Y,,MA,1801,109-995-3971
Helen Powell,7863 Foxrun Circle,Lawrenceville,GA,30043,7873416607
H Powell,G,Lawrenceville,GA,30043,7873416607
Helen P,G,Lawrenceville,GA,30043,787-341-6607
H. Powell,G,,GA,30043,787-341-6607
Stephanie Perez,448 Cleveland Court,Ozone Park,NY,11417,5252458133
S Perez,G,Ozone Park,NY,11417,5252458133
Stephanie P,G,Ozone Park,NY,11417,525-245-8133
S. Perez,G,,NY,11417,525-245-8133
Daniel Gonzales,823 Birch Hill Dr.,West Bloomfield,MI,48322,4097812298
D Gonzales,7,West Bloomfield,MI,48322,4097812298
Daniel G,7,West Bloomfield,MI,48322,409-781-2298
D. Gonzales,7,,MI,48322,409-781-2298
Frances Davis,7629 Ridgeview St.,South Plainfield,NJ,7080,4311782545
F Davis,7629 Ridgeview Street,South Plainfield,NJ,7080,4311782545
Frances D,7629 Ridgeview Street,South Plainfield,NJ,7080,431-178-2545
F. Davis,7629 Ridgeview Street,,NJ,7080,431-178-2545
Benjamin Patterson,216 W. Meadow Lane,Fresh Meadows,NY,11365,4677749526
B Patterson,E,Fresh Meadows,NY,11365,4677749526
Benjamin P,E,Fresh Meadows,NY,11365,467-774-9526
B. Patterson,E,,NY,11365,467-774-9526
Paula Wood,544 Depot Court,Revere,MA,2151,5329698330
P Wood,T,Revere,MA,2151,5329698330
Paula W,T,Revere,MA,2151,532-969-8330
P. Wood,T,,MA,2151,532-969-8330
Cynthia Baker,231 William St.,Mechanicsville,VA,23111,2218476971
C Baker,231 William Street,Mechanicsville,VA,23111,2218476971
Cynthia B,231 William Street,Mechanicsville,VA,23111,221-847-6971
C. Baker,231 William Street,,VA,23111,221-847-6971
Marie Ramirez,54 Grand Ave.,Merrimack,NH,3054,6719839224
M Ramirez,54 Grand Avenue,Merrimack,NH,3054,6719839224
Marie R,54 Grand Avenue,Merrimack,NH,3054,671-983-9224
M. Ramirez,54 Grand Avenue,,NH,3054,671-983-9224
Philip Hughes,8103 Smith St.,South Lyon,MI,48178,2394596538
P Hughes,8103 Smith Street,South Lyon,MI,48178,2394596538
Philip H,8103 Smith Street,South Lyon,MI,48178,239-459-6538
P. Hughes,8103 Smith Street,,MI,48178,239-459-6538
Katherine Richardson,62 Bayberry Lane,Garland,TX,75043,5868061747
K Richardson,T,Garland,TX,75043,5868061747
Katherine R,T,Garland,TX,75043,586-806-1747
K. Richardson,T,,TX,75043,586-806-1747
Carlos Garcia,2 S. Cactus Ave.,Granger,IN,46530,2289044518
C Garcia,2 S. Cactus Avenue,Granger,IN,46530,2289044518
Carlos G,2 S. Cactus Avenue,Granger,IN,46530,228-904-4518
C. Garcia,2 S. Cactus Avenue,,IN,46530,228-904-4518
Donald Campbell,761 Jefferson St.,Goose Creek,SC,29445,7666235034
D Campbell,761 Jefferson Street,Goose Creek,SC,29445,7666235034
Donald C,761 Jefferson Street,Goose Creek,SC,29445,766-623-5034
D. Campbell,761 Jefferson Street,,SC,29445,766-623-5034
Mark Young,7736 Mechanic St.,Stafford,VA,22554,8079367485
M Young,7736 Mechanic Street,Stafford,VA,22554,8079367485
Mark Y,7736 Mechanic Street,Stafford,VA,22554,807-936-7485
M. Young,7736 Mechanic Street,,VA,22554,807-936-7485
Wanda Green,931 Amherst St.,North Royalton,OH,44133,1354496288
W Green,931 Amherst Street,North Royalton,OH,44133,1354496288
Wanda G,931 Amherst Street,North Royalton,OH,44133,135-449-6288
W. Green,931 Amherst Street,,OH,44133,135-449-6288
George Reed,52 Sulphur Springs Street,Huntington,NY,11743,2522088972
G Reed,C,Huntington,NY,11743,2522088972
George R,C,Huntington,NY,11743,252-208-8972
G. Reed,C,,NY,11743,252-208-8972
Anna Cook,960 Fairfield St.,Vista,CA,92083,6628892267
A Cook,960 Fairfield Street,Vista,CA,92083,6628892267
Anna C,960 Fairfield Street,Vista,CA,92083,662-889-2267
A. Cook,960 Fairfield Street,,CA,92083,662-889-2267
Alice Mitchell,78 West Gartner Street,Hackensack,NJ,7601,3056909569
A Mitchell,R,Hackensack,NJ,7601,3056909569
Alice M,R,Hackensack,NJ,7601,305-690-9569
A. Mitchell,R,,NJ,7601,305-690-9569
Gloria King,21 State Lane,Cockeysville,MD,21030,7976541774
G King,Q,Cockeysville,MD,21030,7976541774
Gloria K,Q,Cockeysville,MD,21030,797-654-1774
G. King,Q,,MD,21030,797-654-1774
Diana Smith,485 Manhattan Ave.,Clifton Park,NY,12065,4267212280
D Smith,485 Manhattan Avenue,Clifton Park,NY,12065,4267212280
Diana S,485 Manhattan Avenue,Clifton Park,NY,12065,426-721-2280
D. Smith,485 Manhattan Avenue,,NY,12065,426-721-2280
Laura Rogers,953 Prince Street,Atwater,CA,95301,3463019254
L Rogers,H,Atwater,CA,95301,3463019254
Laura R,H,Atwater,CA,95301,346-301-9254
L. Rogers,H,,CA,95301,346-301-9254
James Wright,836 Illinois Drive,Manahawkin,NJ,8050,5021464342
J Wright,V,Manahawkin,NJ,8050,5021464342
James W,V,Manahawkin,NJ,8050,502-146-4342
J. Wright,V,,NJ,8050,502-146-4342
Jonathan Adams,814 Chestnut Dr.,Olney,MD,20832,1388020222
J Adams,G,Olney,MD,20832,1388020222
Jonathan A,G,Olney,MD,20832,138-802-0222
J. Adams,G,,MD,20832,138-802-0222
Timothy Williams,9074 County Street,Petersburg,VA,23803,6709302207
T Williams,2,Petersburg,VA,23803,6709302207
Timothy W,2,Petersburg,VA,23803,670-930-2207
T. Williams,2,,VA,23803,670-930-2207
Edward Allen,96 Talbot Lane,Fairmont,WV,26554,2152869975
E Allen,T,Fairmont,WV,26554,2152869975
Edward A,T,Fairmont,WV,26554,215-286-9975
E. Allen,T,,WV,26554,215-286-9975
Fred Phillips,34 Kirkland Dr.,Feasterville Trevose,PA,19053,5871576641
F Phillips,P,Feasterville Trevose,PA,19053,5871576641
Fred P,P,Feasterville Trevose,PA,19053,587-157-6641
F. Phillips,P,,PA,19053,587-157-6641
Teresa Russell,8268 Garfield Drive,Fleming Island,FL,32003,5061332290
T Russell,C,Fleming Island,FL,32003,5061332290
Teresa R,C,Fleming Island,FL,32003,506-133-2290
T. Russell,C,,FL,32003,506-133-2290
Gregory Kelly,141 Iroquois Road,Lansing,MI,48910,7609573185
G Kelly,W,Lansing,MI,48910,7609573185
Gregory K,W,Lansing,MI,48910,760-957-3185
G. Kelly,W,,MI,48910,760-957-3185
Kimberly Roberts,924 North Court,Hephzibah,GA,30815,3262231659
K Roberts,P,Hephzibah,GA,30815,3262231659
Kimberly R,P,Hephzibah,GA,30815,326-223-1659
K. Roberts,P,,GA,30815,326-223-1659
Martin Griffin,334 Sunbeam St.,Hopkinsville,KY,42240,5344789883
M Griffin,334 Sunbeam Street,Hopkinsville,KY,42240,5344789883
Martin G,334 Sunbeam Street,Hopkinsville,KY,42240,534-478-9883
M. Griffin,334 Sunbeam Street,,KY,42240,534-478-9883
Larry Cox,9991 Greystone St.,Elkhart,IN,46514,5913953722
L Cox,9991 Greystone Street,Elkhart,IN,46514,5913953722
Larry C,9991 Greystone Street,Elkhart,IN,46514,591-395-3722
L. Cox,9991 Greystone Street,,IN,46514,591-395-3722
Nicole Long,26 Willow Ave.,Union City,NJ,7087,8074500013
N Long,26 Willow Avenue,Union City,NJ,7087,8074500013
Nicole L,26 Willow Avenue,Union City,NJ,7087,807-450-0013
N. Long,26 Willow Avenue,,NJ,7087,807-450-0013
Margaret Johnson,72 Grand Dr.,Harvey,IL,60426,2733395482
M Johnson,E,Harvey,IL,60426,2733395482
Margaret J,E,Harvey,IL,60426,273-339-5482
M. Johnson,E,,IL,60426,273-339-5482
Sara Martinez,134 E. Wentworth Street,Klamath Falls,OR,97603,5356331955
S Martinez,W,Klamath Falls,OR,97603,5356331955
Sara M,W,Klamath Falls,OR,97603,535-633-1955
S. Martinez,W,,OR,97603,535-633-1955
Earl Walker,8124 Arlington St.,Fort Washington,MD,20744,4476189694
E Walker,8124 Arlington Street,Fort Washington,MD,20744,4476189694
Earl W,8124 Arlington Street,Fort Washington,MD,20744,447-618-9694
E. Walker,8124 Arlington Street,,MD,20744,447-618-9694
Sean Nelson,8540 Canterbury Court,Perth Amboy,NJ,8861,4515618790
S Nelson,F,Perth Amboy,NJ,8861,4515618790
Sean N,F,Perth Amboy,NJ,8861,451-561-8790
S. Nelson,F,,NJ,8861,451-561-8790
Kenneth Simmons,8 Oakwood Circle,Stockbridge,GA,30281,5322733255
K Simmons,H,Stockbridge,GA,30281,5322733255
Kenneth S,H,Stockbridge,GA,30281,532-273-3255
K. Simmons,H,,GA,30281,532-273-3255
Ruth Morgan,982 Valley St.,Brentwood,NY,11717,6591214845
R Morgan,982 Valley Street,Brentwood,NY,11717,6591214845
Ruth M,982 Valley Street,Brentwood,NY,11717,659-121-4845
R. Morgan,982 Valley Street,,NY,11717,659-121-4845
Jimmy Ward,4 Maple Lane,Englishtown,NJ,7726,3377463051
J Ward,4,Englishtown,NJ,7726,3377463051
Jimmy W,4,Englishtown,NJ,7726,337-746-3051
J. Ward,4,,NJ,7726,337-746-3051
Anthony Foster,1 Pumpkin Hill Dr.,Reston,VA,20191,6079539247
A Foster,L,Reston,VA,20191,6079539247
Anthony F,L,Reston,VA,20191,607-953-9247
A. Foster,L,,VA,20191,607-953-9247
Lois Alexander,1 Riverview St.,Copperas Cove,TX,76522,4771984969
L Alexander,1 Riverview Street,Copperas Cove,TX,76522,4771984969
Lois A,1 Riverview Street,Copperas Cove,TX,76522,477-198-4969
L. Alexander,1 Riverview Street,,TX,76522,477-198-4969
Catherine Stewart,53 Greenview Ave.,Norwalk,CT,6851,7228346296
C Stewart,53 Greenview Avenue,Norwalk,CT,6851,7228346296
Catherine S,53 Greenview Avenue,Norwalk,CT,6851,722-834-6296
C. Stewart,53 Greenview Avenue,,CT,6851,722-834-6296
Jane Bailey,346 Brookside Lane,Cockeysville,MD,21030,9008268160
J Bailey,V,Cockeysville,MD,21030,9008268160
Jane B,V,Cockeysville,MD,21030,900-826-8160
J. Bailey,V,,MD,21030,900-826-8160
Roy Watson,8742 Middle River St.,Powell,TN,37849,8983471339
R Watson,8742 Middle River Street,Powell,TN,37849,8983471339
Roy W,8742 Middle River Street,Powell,TN,37849,898-347-1339
R. Watson,8742 Middle River Street,,TN,37849,898-347-1339
Keith Jones,8809 Edgewood Dr.,Belleville,NJ,7109,5897949210
K Jones,W,Belleville,NJ,7109,5897949210
Keith J,W,Belleville,NJ,7109,589-794-9210
K. Jones,W,,NJ,7109,589-794-9210
Diane Brown,205 Atlantic Road,Wethersfield,CT,6109,4115589087
D Brown,7,Wethersfield,CT,6109,4115589087
Diane B,7,Wethersfield,CT,6109,411-558-9087
D. Brown,7,,CT,6109,411-558-9087
Mildred Cooper,42 Summer Court,Kenosha,WI,53140,4325946156
M Cooper,S,Kenosha,WI,53140,4325946156
Mildred C,S,Kenosha,WI,53140,432-594-6156
M. Cooper,S,,WI,53140,432-594-6156
Donna Bennett,7208 East Parker St.,Fair Lawn,NJ,7410,5537263630
D Bennett,7208 East Parker Street,Fair Lawn,NJ,7410,5537263630
Donna B,7208 East Parker Street,Fair Lawn,NJ,7410,553-726-3630
D. Bennett,7208 East Parker Street,,NJ,7410,553-726-3630
Johnny Jackson,966 Jones St.,Forest Hills,NY,11375,2088826783
J Jackson,966 Jones Street,Forest Hills,NY,11375,2088826783
Johnny J,966 Jones Street,Forest Hills,NY,11375,208-882-6783
J. Jackson,966 Jones Street,,NY,11375,208-882-6783